{"cameraMode":{"drawMode":0,"name":"Shaded","section":"Shading Mode"},"sceneLighting":false,"audioPlay":false,"sceneViewState":{"showFog":true,"showMaterialUpdate":true,"showSkybox":false,"showFlares":true,"showImageEffects":true,"showParticleSystems":true},"in2DMode":false,"pivot":{"x":17.26799964904785,"y":8.981399536132813,"z":0.0},"rotation":{"x":0.0001498184137744829,"y":0.9993544220924377,"z":0.03568253666162491,"w":-0.004196347203105688},"size":1.72530996799469,"orthographic":false}