{"cameraMode":{"drawMode":0,"name":"Shaded","section":"Shading Mode"},"sceneLighting":true,"audioPlay":false,"sceneViewState":{"showFog":true,"showMaterialUpdate":true,"showSkybox":true,"showFlares":true,"showImageEffects":true,"showParticleSystems":true},"in2DMode":false,"pivot":{"x":4.9300079345703129,"y":1.412048578262329,"z":-1.3870844841003419},"rotation":{"x":0.04157929867506027,"y":0.31378644704818728,"z":-0.013755811378359795,"w":0.9484840631484985},"size":2.931135654449463,"orthographic":false}